type,content
base64,PHJvb3Q+PGl0ZW0gbmFtZT0iaXRlbTQyIj52YWx1ZTYwMjwvaXRlbT48aXRlbSBuYW1lPSJpdGVtNTciPnZhbHVlMjM1PC9pdGVtPjxpdGVtIG5hbWU9Iml0ZW0xOSI+dmFsdWU4Mzk8L2l0ZW0+PGl0ZW0gbmFtZT0iaXRlbTIxIj52YWx1ZTEyMzwvaXRlbT48aXRlbSBuYW1lPSJpdGVtMjIiPnZhbHVlMjYzPC9pdGVtPjwvcm9vdD4=
base64,PHJvb3Q+PGl0ZW0gbmFtZT0iaXRlbTg5Ij52YWx1ZTY4NDwvaXRlbT48L3Jvb3Q+
base64,PHJvb3Q+PGl0ZW0gbmFtZT0iaXRlbTQ0Ij52YWx1ZTk2MDwvaXRlbT48L3Jvb3Q+
plain,"<root><item name=""item80"">value677</item></root>"
plain,"<root><item name=""item1"">value615</item></root>"
plain,"<root><item name=""item60"">value453</item></root>"
base64,PHJvb3Q+PGl0ZW0gbmFtZT0iaXRlbTU5Ij52YWx1ZTIxNjwvaXRlbT48aXRlbSBuYW1lPSJpdGVtOTUiPnZhbHVlNTk1PC9pdGVtPjxpdGVtIG5hbWU9Iml0ZW0zOSI+dmFsdWU2ODY8L2l0ZW0+PC9yb290Pg==
plain,"<root><item name=""item10"">value771</item><item name=""item6"">value883</item></root>"
base64,PHJvb3Q+PGl0ZW0gbmFtZT0iaXRlbTE1Ij52YWx1ZTM2MjwvaXRlbT48aXRlbSBuYW1lPSJpdGVtMjEiPnZhbHVlNTcwPC9pdGVtPjxpdGVtIG5hbWU9Iml0ZW03NCI+dmFsdWU2OTM8L2l0ZW0+PGl0ZW0gbmFtZT0iaXRlbTE3Ij52YWx1ZTQzOTwvaXRlbT48L3Jvb3Q+
base64,PHJvb3Q+PGl0ZW0gbmFtZT0iaXRlbTMiPnZhbHVlNjk5PC9pdGVtPjxpdGVtIG5hbWU9Iml0ZW00NSI+dmFsdWU0NzE8L2l0ZW0+PC9yb290Pg==
plain,"<root><item name=""item92"">value68</item><item name=""item69"">value137</item><item name=""item7"">value767</item><item name=""item64"">value447</item><item name=""item36"">value569</item></root>"
base64,PHJvb3Q+PGl0ZW0gbmFtZT0iaXRlbTUyIj52YWx1ZTE3NTwvaXRlbT48aXRlbSBuYW1lPSJpdGVtODUiPnZhbHVlNDMyPC9pdGVtPjxpdGVtIG5hbWU9Iml0ZW0yNSI+dmFsdWU3NTU8L2l0ZW0+PGl0ZW0gbmFtZT0iaXRlbTk3Ij52YWx1ZTIwPC9pdGVtPjxpdGVtIG5hbWU9Iml0ZW05MCI+dmFsdWU5NDI8L2l0ZW0+PC9yb290Pg==
plain,"<root><item name=""item88"">value896</item><item name=""item38"">value1000</item></root>"
base64,PHJvb3Q+PGl0ZW0gbmFtZT0iaXRlbTE1Ij52YWx1ZTE0MTwvaXRlbT48aXRlbSBuYW1lPSJpdGVtNDQiPnZhbHVlNDQ0PC9pdGVtPjwvcm9vdD4=
plain,"<root><item name=""item50"">value254</item><item name=""item41"">value235</item><item name=""item87"">value767</item><item name=""item94"">value448</item><item name=""item34"">value994</item></root>"
base64,PHJvb3Q+PGl0ZW0gbmFtZT0iaXRlbTciPnZhbHVlMjI4PC9pdGVtPjxpdGVtIG5hbWU9Iml0ZW0zMiI+dmFsdWU0ODI8L2l0ZW0+PC9yb290Pg==
base64,PHJvb3Q+PGl0ZW0gbmFtZT0iaXRlbTM1Ij52YWx1ZTYyNjwvaXRlbT48aXRlbSBuYW1lPSJpdGVtNDYiPnZhbHVlOTA0PC9pdGVtPjwvcm9vdD4=
plain,"<root><item name=""item32"">value406</item><item name=""item59"">value761</item></root>"
base64,PHJvb3Q+PGl0ZW0gbmFtZT0iaXRlbTM4Ij52YWx1ZTkxMTwvaXRlbT48aXRlbSBuYW1lPSJpdGVtNzUiPnZhbHVlNDA0PC9pdGVtPjxpdGVtIG5hbWU9Iml0ZW00NSI+dmFsdWU3NTI8L2l0ZW0+PC9yb290Pg==
plain,"<root><item name=""item84"">value448</item><item name=""item98"">value105</item></root>"
base64,PHJvb3Q+PGl0ZW0gbmFtZT0iaXRlbTYxIj52YWx1ZTI0NDwvaXRlbT48aXRlbSBuYW1lPSJpdGVtNCI+dmFsdWUyMTI8L2l0ZW0+PGl0ZW0gbmFtZT0iaXRlbTcwIj52YWx1ZTgwNzwvaXRlbT48L3Jvb3Q+
base64,PHJvb3Q+PGl0ZW0gbmFtZT0iaXRlbTgwIj52YWx1ZTY0PC9pdGVtPjxpdGVtIG5hbWU9Iml0ZW02MCI+dmFsdWU3OTc8L2l0ZW0+PGl0ZW0gbmFtZT0iaXRlbTQyIj52YWx1ZTM2ODwvaXRlbT48L3Jvb3Q+
plain,"<root><item name=""item3"">value923</item><item name=""item93"">value415</item><item name=""item92"">value24</item></root>"
plain,"<root><item name=""item34"">value760</item></root>"
base64,PHJvb3Q+PGl0ZW0gbmFtZT0iaXRlbTE0Ij52YWx1ZTcyNjwvaXRlbT48aXRlbSBuYW1lPSJpdGVtMTAwIj52YWx1ZTk4PC9pdGVtPjxpdGVtIG5hbWU9Iml0ZW05NyI+dmFsdWU0Njg8L2l0ZW0+PGl0ZW0gbmFtZT0iaXRlbTY0Ij52YWx1ZTQ4NTwvaXRlbT48L3Jvb3Q+
plain,"<root><item name=""item21"">value23</item><item name=""item63"">value285</item><item name=""item25"">value231</item></root>"
base64,PHJvb3Q+PGl0ZW0gbmFtZT0iaXRlbTY0Ij52YWx1ZTI3PC9pdGVtPjxpdGVtIG5hbWU9Iml0ZW0zIj52YWx1ZTYzOTwvaXRlbT48aXRlbSBuYW1lPSJpdGVtNzQiPnZhbHVlODI5PC9pdGVtPjxpdGVtIG5hbWU9Iml0ZW04NSI+dmFsdWU1MzE8L2l0ZW0+PGl0ZW0gbmFtZT0iaXRlbTQzIj52YWx1ZTQzMDwvaXRlbT48L3Jvb3Q+
plain,"<root><item name=""item8"">value865</item></root>"
plain,"<root><item name=""item88"">value448</item></root>"
base64,PHJvb3Q+PGl0ZW0gbmFtZT0iaXRlbTQwIj52YWx1ZTc1MjwvaXRlbT48aXRlbSBuYW1lPSJpdGVtNTciPnZhbHVlMzY4PC9pdGVtPjxpdGVtIG5hbWU9Iml0ZW03NyI+dmFsdWU4MzM8L2l0ZW0+PC9yb290Pg==
plain,"<root><item name=""item37"">value328</item></root>"
plain,"<root><item name=""item39"">value151</item><item name=""item41"">value447</item><item name=""item22"">value97</item><item name=""item97"">value211</item></root>"
plain,"<root><item name=""item22"">value667</item><item name=""item26"">value280</item></root>"
base64,PHJvb3Q+PGl0ZW0gbmFtZT0iaXRlbTMyIj52YWx1ZTc5MDwvaXRlbT48L3Jvb3Q+
plain,"<root><item name=""item42"">value853</item><item name=""item28"">value392</item><item name=""item96"">value506</item><item name=""item67"">value408</item></root>"
plain,"<root><item name=""item42"">value857</item><item name=""item94"">value708</item></root>"
base64,PHJvb3Q+PGl0ZW0gbmFtZT0iaXRlbTMzIj52YWx1ZTI3MTwvaXRlbT48aXRlbSBuYW1lPSJpdGVtOTkiPnZhbHVlODYxPC9pdGVtPjxpdGVtIG5hbWU9Iml0ZW01NSI+dmFsdWU5Mzc8L2l0ZW0+PGl0ZW0gbmFtZT0iaXRlbTEwMCI+dmFsdWU0ODE8L2l0ZW0+PC9yb290Pg==
base64,PHJvb3Q+PGl0ZW0gbmFtZT0iaXRlbTUzIj52YWx1ZTM0MjwvaXRlbT48aXRlbSBuYW1lPSJpdGVtOCI+dmFsdWU4MzU8L2l0ZW0+PGl0ZW0gbmFtZT0iaXRlbTYzIj52YWx1ZTk1PC9pdGVtPjwvcm9vdD4=
plain,"<root><item name=""item47"">value832</item><item name=""item55"">value619</item><item name=""item70"">value964</item></root>"
base64,PHJvb3Q+PGl0ZW0gbmFtZT0iaXRlbTM5Ij52YWx1ZTE5MDwvaXRlbT48aXRlbSBuYW1lPSJpdGVtNTIiPnZhbHVlMjgwPC9pdGVtPjxpdGVtIG5hbWU9Iml0ZW03MiI+dmFsdWUxNjI8L2l0ZW0+PC9yb290Pg==
base64,PHJvb3Q+PGl0ZW0gbmFtZT0iaXRlbTciPnZhbHVlMzY3PC9pdGVtPjwvcm9vdD4=
plain,"<root><item name=""item61"">value917</item><item name=""item63"">value39</item><item name=""item97"">value889</item><item name=""item69"">value278</item><item name=""item90"">value458</item></root>"
plain,"<root><item name=""item13"">value90</item></root>"
plain,"<root><item name=""item39"">value93</item><item name=""item15"">value513</item><item name=""item97"">value281</item></root>"
base64,PHJvb3Q+PGl0ZW0gbmFtZT0iaXRlbTUiPnZhbHVlODM4PC9pdGVtPjxpdGVtIG5hbWU9Iml0ZW01NCI+dmFsdWU5NjwvaXRlbT48aXRlbSBuYW1lPSJpdGVtNTQiPnZhbHVlODc1PC9pdGVtPjwvcm9vdD4=
base64,PHJvb3Q+PGl0ZW0gbmFtZT0iaXRlbTUxIj52YWx1ZTczNDwvaXRlbT48L3Jvb3Q+
plain,"<root><item name=""item14"">value26</item><item name=""item74"">value115</item></root>"
base64,PHJvb3Q+PGl0ZW0gbmFtZT0iaXRlbTIiPnZhbHVlMzg2PC9pdGVtPjxpdGVtIG5hbWU9Iml0ZW0zMCI+dmFsdWUxNzc8L2l0ZW0+PC9yb290Pg==
plain,"<root><item name=""item39"">value506</item><item name=""item93"">value936</item><item name=""item18"">value920</item><item name=""item71"">value631</item></root>"
plain,"<root><item name=""item63"">value50</item><item name=""item63"">value999</item><item name=""item48"">value412</item><item name=""item22"">value74</item><item name=""item23"">value926</item></root>"
base64,PHJvb3Q+PGl0ZW0gbmFtZT0iaXRlbTkzIj52YWx1ZTU2NzwvaXRlbT48aXRlbSBuYW1lPSJpdGVtMiI+dmFsdWUzMDk8L2l0ZW0+PGl0ZW0gbmFtZT0iaXRlbTM4Ij52YWx1ZTY0MDwvaXRlbT48aXRlbSBuYW1lPSJpdGVtODQiPnZhbHVlOTg2PC9pdGVtPjxpdGVtIG5hbWU9Iml0ZW05NCI+dmFsdWU5MTE8L2l0ZW0+PC9yb290Pg==
base64,PHJvb3Q+PGl0ZW0gbmFtZT0iaXRlbTI1Ij52YWx1ZTc5OTwvaXRlbT48aXRlbSBuYW1lPSJpdGVtNzEiPnZhbHVlOTcwPC9pdGVtPjxpdGVtIG5hbWU9Iml0ZW0yMCI+dmFsdWUxNzQ8L2l0ZW0+PGl0ZW0gbmFtZT0iaXRlbTIzIj52YWx1ZTE1PC9pdGVtPjwvcm9vdD4=
plain,"<root><item name=""item16"">value184</item><item name=""item6"">value424</item><item name=""item95"">value714</item><item name=""item28"">value515</item><item name=""item20"">value472</item></root>"
base64,PHJvb3Q+PGl0ZW0gbmFtZT0iaXRlbTcwIj52YWx1ZTM0MjwvaXRlbT48aXRlbSBuYW1lPSJpdGVtMzMiPnZhbHVlMjY8L2l0ZW0+PGl0ZW0gbmFtZT0iaXRlbTM2Ij52YWx1ZTQ5MTwvaXRlbT48aXRlbSBuYW1lPSJpdGVtNDgiPnZhbHVlNTQ5PC9pdGVtPjxpdGVtIG5hbWU9Iml0ZW00OCI+dmFsdWUyNzc8L2l0ZW0+PC9yb290Pg==
plain,"<root><item name=""item87"">value181</item><item name=""item13"">value519</item></root>"
plain,"<root><item name=""item78"">value793</item><item name=""item93"">value688</item><item name=""item44"">value930</item><item name=""item30"">value250</item></root>"
base64,PHJvb3Q+PGl0ZW0gbmFtZT0iaXRlbTExIj52YWx1ZTgzMTwvaXRlbT48aXRlbSBuYW1lPSJpdGVtMTgiPnZhbHVlOTI5PC9pdGVtPjxpdGVtIG5hbWU9Iml0ZW03NSI+dmFsdWUxMjQ8L2l0ZW0+PGl0ZW0gbmFtZT0iaXRlbTk0Ij52YWx1ZTEwMDA8L2l0ZW0+PC9yb290Pg==
base64,PHJvb3Q+PGl0ZW0gbmFtZT0iaXRlbTYwIj52YWx1ZTM2NzwvaXRlbT48aXRlbSBuYW1lPSJpdGVtMTAiPnZhbHVlOTgwPC9pdGVtPjxpdGVtIG5hbWU9Iml0ZW0yNyI+dmFsdWUyNTY8L2l0ZW0+PC9yb290Pg==
plain,"<root><item name=""item79"">value27</item><item name=""item32"">value307</item><item name=""item49"">value496</item></root>"
plain,"<root><item name=""item83"">value336</item><item name=""item26"">value402</item><item name=""item57"">value339</item><item name=""item81"">value924</item><item name=""item33"">value982</item></root>"
base64,PHJvb3Q+PGl0ZW0gbmFtZT0iaXRlbTgwIj52YWx1ZTkxMjwvaXRlbT48aXRlbSBuYW1lPSJpdGVtMjUiPnZhbHVlNTU3PC9pdGVtPjxpdGVtIG5hbWU9Iml0ZW04OSI+dmFsdWU3OTQ8L2l0ZW0+PC9yb290Pg==
base64,PHJvb3Q+PGl0ZW0gbmFtZT0iaXRlbTU3Ij52YWx1ZTM2PC9pdGVtPjwvcm9vdD4=
plain,"<root><item name=""item74"">value376</item><item name=""item7"">value452</item><item name=""item94"">value721</item><item name=""item91"">value206</item><item name=""item27"">value806</item></root>"
base64,PHJvb3Q+PGl0ZW0gbmFtZT0iaXRlbTUiPnZhbHVlNDA1PC9pdGVtPjxpdGVtIG5hbWU9Iml0ZW0yMyI+dmFsdWU0OTwvaXRlbT48aXRlbSBuYW1lPSJpdGVtNzUiPnZhbHVlNTU3PC9pdGVtPjwvcm9vdD4=
plain,"<root><item name=""item87"">value197</item><item name=""item98"">value605</item></root>"
base64,PHJvb3Q+PGl0ZW0gbmFtZT0iaXRlbTciPnZhbHVlOTM4PC9pdGVtPjxpdGVtIG5hbWU9Iml0ZW01Ij52YWx1ZTIxNTwvaXRlbT48aXRlbSBuYW1lPSJpdGVtODEiPnZhbHVlNjMxPC9pdGVtPjxpdGVtIG5hbWU9Iml0ZW01MyI+dmFsdWUyOTg8L2l0ZW0+PGl0ZW0gbmFtZT0iaXRlbTUxIj52YWx1ZTQ2ODwvaXRlbT48L3Jvb3Q+
plain,"<root><item name=""item24"">value132</item><item name=""item15"">value828</item></root>"
plain,"<root><item name=""item13"">value999</item><item name=""item24"">value854</item><item name=""item29"">value895</item><item name=""item3"">value590</item><item name=""item31"">value628</item></root>"
base64,PHJvb3Q+PGl0ZW0gbmFtZT0iaXRlbTU3Ij52YWx1ZTM1PC9pdGVtPjxpdGVtIG5hbWU9Iml0ZW0zNyI+dmFsdWUyMjU8L2l0ZW0+PGl0ZW0gbmFtZT0iaXRlbTEzIj52YWx1ZTQxODwvaXRlbT48L3Jvb3Q+
plain,"<root><item name=""item50"">value330</item><item name=""item33"">value90</item><item name=""item97"">value750</item></root>"
base64,PHJvb3Q+PGl0ZW0gbmFtZT0iaXRlbTY4Ij52YWx1ZTg3MjwvaXRlbT48L3Jvb3Q+
base64,PHJvb3Q+PGl0ZW0gbmFtZT0iaXRlbTQ0Ij52YWx1ZTE2MjwvaXRlbT48aXRlbSBuYW1lPSJpdGVtMjMiPnZhbHVlODk5PC9pdGVtPjxpdGVtIG5hbWU9Iml0ZW0xIj52YWx1ZTM1NzwvaXRlbT48aXRlbSBuYW1lPSJpdGVtNjkiPnZhbHVlOTwvaXRlbT48aXRlbSBuYW1lPSJpdGVtOTgiPnZhbHVlNDI1PC9pdGVtPjwvcm9vdD4=
plain,"<root><item name=""item22"">value994</item><item name=""item59"">value191</item><item name=""item49"">value986</item></root>"
plain,"<root><item name=""item16"">value683</item><item name=""item15"">value753</item><item name=""item54"">value330</item><item name=""item48"">value799</item><item name=""item56"">value178</item></root>"
base64,PHJvb3Q+PGl0ZW0gbmFtZT0iaXRlbTg1Ij52YWx1ZTk5NjwvaXRlbT48aXRlbSBuYW1lPSJpdGVtMjIiPnZhbHVlNDU0PC9pdGVtPjxpdGVtIG5hbWU9Iml0ZW03MCI+dmFsdWU5ODg8L2l0ZW0+PC9yb290Pg==
plain,"<root><item name=""item2"">value806</item><item name=""item37"">value433</item><item name=""item7"">value604</item></root>"
base64,PHJvb3Q+PGl0ZW0gbmFtZT0iaXRlbTQwIj52YWx1ZTQ5MjwvaXRlbT48aXRlbSBuYW1lPSJpdGVtMTkiPnZhbHVlMzgwPC9pdGVtPjxpdGVtIG5hbWU9Iml0ZW0xMiI+dmFsdWUzNzI8L2l0ZW0+PGl0ZW0gbmFtZT0iaXRlbTkiPnZhbHVlOTE3PC9pdGVtPjwvcm9vdD4=
plain,"<root><item name=""item71"">value597</item><item name=""item98"">value292</item><item name=""item91"">value51</item><item name=""item81"">value643</item></root>"
base64,PHJvb3Q+PGl0ZW0gbmFtZT0iaXRlbTczIj52YWx1ZTQ3NTwvaXRlbT48aXRlbSBuYW1lPSJpdGVtNDUiPnZhbHVlMjQyPC9pdGVtPjxpdGVtIG5hbWU9Iml0ZW0xNCI+dmFsdWU3MjM8L2l0ZW0+PGl0ZW0gbmFtZT0iaXRlbTE0Ij52YWx1ZTY4NzwvaXRlbT48aXRlbSBuYW1lPSJpdGVtNDkiPnZhbHVlNzkxPC9pdGVtPjwvcm9vdD4=
base64,PHJvb3Q+PGl0ZW0gbmFtZT0iaXRlbTYwIj52YWx1ZTU1OTwvaXRlbT48aXRlbSBuYW1lPSJpdGVtODYiPnZhbHVlMjgzPC9pdGVtPjwvcm9vdD4=
base64,PHJvb3Q+PGl0ZW0gbmFtZT0iaXRlbTQ5Ij52YWx1ZTMxMjwvaXRlbT48L3Jvb3Q+
base64,PHJvb3Q+PGl0ZW0gbmFtZT0iaXRlbTM0Ij52YWx1ZTE0NDwvaXRlbT48L3Jvb3Q+
base64,PHJvb3Q+PGl0ZW0gbmFtZT0iaXRlbTM2Ij52YWx1ZTIxNjwvaXRlbT48aXRlbSBuYW1lPSJpdGVtNjYiPnZhbHVlOTkzPC9pdGVtPjxpdGVtIG5hbWU9Iml0ZW0zOSI+dmFsdWU0MzY8L2l0ZW0+PGl0ZW0gbmFtZT0iaXRlbTEwMCI+dmFsdWUzODA8L2l0ZW0+PGl0ZW0gbmFtZT0iaXRlbTM0Ij52YWx1ZTUyODwvaXRlbT48L3Jvb3Q+
plain,"<root><item name=""item24"">value741</item></root>"
plain,"<root><item name=""item28"">value253</item><item name=""item91"">value360</item><item name=""item27"">value650</item><item name=""item78"">value607</item><item name=""item1"">value827</item></root>"
plain,"<root><item name=""item74"">value860</item><item name=""item27"">value53</item></root>"
plain,"<root><item name=""item19"">value888</item><item name=""item72"">value523</item><item name=""item48"">value684</item><item name=""item97"">value477</item><item name=""item16"">value11</item></root>"
base64,PHJvb3Q+PGl0ZW0gbmFtZT0iaXRlbTkyIj52YWx1ZTk1MTwvaXRlbT48aXRlbSBuYW1lPSJpdGVtMzciPnZhbHVlNTg4PC9pdGVtPjwvcm9vdD4=
base64,PHJvb3Q+PGl0ZW0gbmFtZT0iaXRlbTUzIj52YWx1ZTkxMjwvaXRlbT48aXRlbSBuYW1lPSJpdGVtOCI+dmFsdWU1ODk8L2l0ZW0+PGl0ZW0gbmFtZT0iaXRlbTQyIj52YWx1ZTEwMDwvaXRlbT48aXRlbSBuYW1lPSJpdGVtOTciPnZhbHVlMjYwPC9pdGVtPjxpdGVtIG5hbWU9Iml0ZW03NyI+dmFsdWU3MTM8L2l0ZW0+PC9yb290Pg==
base64,PHJvb3Q+PGl0ZW0gbmFtZT0iaXRlbTM0Ij52YWx1ZTI4NzwvaXRlbT48aXRlbSBuYW1lPSJpdGVtMTMiPnZhbHVlOTYxPC9pdGVtPjxpdGVtIG5hbWU9Iml0ZW01OCI+dmFsdWUxNTg8L2l0ZW0+PGl0ZW0gbmFtZT0iaXRlbTM4Ij52YWx1ZTE2ODwvaXRlbT48aXRlbSBuYW1lPSJpdGVtNjYiPnZhbHVlODc4PC9pdGVtPjwvcm9vdD4=
plain,"<root><item name=""item75"">value752</item><item name=""item30"">value413</item><item name=""item53"">value135</item><item name=""item83"">value735</item></root>"
plain,"<root><item name=""item42"">value320</item><item name=""item29"">value62</item><item name=""item20"">value303</item></root>"
base64,PHJvb3Q+PGl0ZW0gbmFtZT0iaXRlbTk0Ij52YWx1ZTIwNjwvaXRlbT48L3Jvb3Q+
plain,"<root><item name=""item19"">value986</item></root>"
plain,"<root><item name=""item38"">value813</item><item name=""item9"">value509</item></root>"
plain,"<root><item name=""item51"">value804</item></root>"
base64,PHJvb3Q+PGl0ZW0gbmFtZT0iaXRlbTYxIj52YWx1ZTI3NzwvaXRlbT48aXRlbSBuYW1lPSJpdGVtNDkiPnZhbHVlNTQ2PC9pdGVtPjxpdGVtIG5hbWU9Iml0ZW00MSI+dmFsdWUyMDQ8L2l0ZW0+PC9yb290Pg==
base64,PHJvb3Q+PGl0ZW0gbmFtZT0iaXRlbTQ0Ij52YWx1ZTYzMjwvaXRlbT48aXRlbSBuYW1lPSJpdGVtMzMiPnZhbHVlNzY2PC9pdGVtPjxpdGVtIG5hbWU9Iml0ZW0xIj52YWx1ZTY5MTwvaXRlbT48aXRlbSBuYW1lPSJpdGVtNiI+dmFsdWUzMTI8L2l0ZW0+PC9yb290Pg==
base64,PHJvb3Q+PGl0ZW0gbmFtZT0iaXRlbTM5Ij52YWx1ZTk3MzwvaXRlbT48L3Jvb3Q+
plain,"<root><item name=""item62"">value997</item><item name=""item52"">value122</item></root>"
